INSERT m_yaku (position_id, active, position_desc) VALUES (1, 1, '');
INSERT m_yaku (position_id, active, position_desc) VALUES (2, 1, 'マネージャ');
INSERT m_yaku (position_id, active, position_desc) VALUES (3, 1, '課長代理');
INSERT m_yaku (position_id, active, position_desc) VALUES (4, 1, '課長');
INSERT m_yaku (position_id, active, position_desc) VALUES (5, 1, '部長代理');
INSERT m_yaku (position_id, active, position_desc) VALUES (6, 1, '部長');
INSERT m_yaku (position_id, active, position_desc) VALUES (7, 1, '事業部長');
INSERT m_yaku (position_id, active, position_desc) VALUES (999998, 1, '取締役');
INSERT m_yaku (position_id, active, position_desc) VALUES (999999, 1, '代表取締役');
INSERT m_saiyoukubun (recruit_id, active, recruit_desc) VALUES (1, 1, 'ー');
INSERT m_saiyoukubun (recruit_id, active, recruit_desc) VALUES (2, 1, '新卒');
INSERT m_saiyoukubun (recruit_id, active, recruit_desc) VALUES (3, 1, 'キャリア');
INSERT m_saiyoukubun (recruit_id, active, recruit_desc) VALUES (4, 1, '転籍');
INSERT m_saiyoukubun (recruit_id, active, recruit_desc) VALUES (5, 1, '転属');
INSERT m_warea (warea_id, active, warea_desc) VALUES (1, 1, '山口県');
INSERT m_warea (warea_id, active, warea_desc) VALUES (2, 1, '福岡県');
INSERT m_warea (warea_id, active, warea_desc) VALUES (3, 1, '島根県');
INSERT m_kuruma (car_id, active, car_desc) VALUES (1, 1, 'ー');
INSERT m_kuruma (car_id, active, car_desc) VALUES (2, 1, '軽自動車');
INSERT m_kuruma (car_id, active, car_desc) VALUES (3, 1, '普通自動車');
INSERT m_shozoku (affiliation_id, active, affiliation_desc) VALUES (1, 1, '開発センター');
INSERT m_shozoku (affiliation_id, active, affiliation_desc) VALUES (2, 1, '経営部門');
INSERT m_shozoku (affiliation_id, active, affiliation_desc) VALUES (3, 1, '総務ソリューショングループ');
INSERT m_shozoku (affiliation_id, active, affiliation_desc) VALUES (4, 1, 'ビジネスソリューショングループ');
INSERT m_shozoku (affiliation_id, active, affiliation_desc) VALUES (5, 1, '産業ソリューショングループ');
INSERT m_shozoku (affiliation_id, active, affiliation_desc) VALUES (6, 1, 'ＧＩＳソリューショングループ');
INSERT m_dbms (dbms_id, active, dbms_desc) VALUES (1, 1, 'Oracle');
INSERT m_dbms (dbms_id, active, dbms_desc) VALUES (2, 1, 'MongoDB');
INSERT m_dbms (dbms_id, active, dbms_desc) VALUES (3, 1, 'MySQL');
INSERT m_dbms (dbms_id, active, dbms_desc) VALUES (4, 1, 'SQL Server');
INSERT m_dbms (dbms_id, active, dbms_desc) VALUES (5, 1, 'PostgreSQL');
INSERT m_dbms (dbms_id, active, dbms_desc) VALUES (6, 1, 'その他');
INSERT m_lang (lang_id, active, lang_desc) VALUES (1, 1, 'Java');
INSERT m_lang (lang_id, active, lang_desc) VALUES (2, 1, 'JavaScript');
INSERT m_lang (lang_id, active, lang_desc) VALUES (3, 1, 'PHP');
INSERT m_lang (lang_id, active, lang_desc) VALUES (4, 1, 'Node');
INSERT m_lang (lang_id, active, lang_desc) VALUES (5, 1, 'HTML/CSS');
INSERT m_lang (lang_id, active, lang_desc) VALUES (6, 1, 'C++');
INSERT m_lang (lang_id, active, lang_desc) VALUES (7, 1, 'C#');
INSERT m_maker (maker_id, active, maker_desc) VALUES (1, 1, 'MAC');
INSERT m_maker (maker_id, active, maker_desc) VALUES (2, 1, 'ANDROID');
INSERT m_maker (maker_id, active, maker_desc) VALUES (3, 1, 'DOS/V');
INSERT m_os (os_id, active, os_desc) VALUES (1, 1, 'Windows 10');
INSERT m_os (os_id, active, os_desc) VALUES (2, 1, 'Linux');
INSERT m_os (os_id, active, os_desc) VALUES (3, 1, 'Windows 7');
INSERT m_os (os_id, active, os_desc) VALUES (4, 0, 'Ubuntu');
INSERT m_os (os_id, active, os_desc) VALUES (5, 1, 'Windows Server');
INSERT m_os (os_id, active, os_desc) VALUES (6, 1, 'Windows XP');
INSERT m_os (os_id, active, os_desc) VALUES (7, 1, 'ホスト系');
INSERT m_os (os_id, active, os_desc) VALUES (8, 1, 'UNIX');
INSERT m_response (response_id, active, response_desc) VALUES (1, 1, 'コンサルタント');
INSERT m_response (response_id, active, response_desc) VALUES (2, 1, 'メンテナンス作業');
INSERT m_response (response_id, active, response_desc) VALUES (3, 1, '講師');
INSERT m_response (response_id, active, response_desc) VALUES (4, 1, 'インストラクター');
INSERT m_response (response_id, active, response_desc) VALUES (5, 1, 'ＳＥサポート');
INSERT m_response (response_id, active, response_desc) VALUES (6, 1, 'システム運用管理');
INSERT m_response (response_id, active, response_desc) VALUES (7, 1, 'オペレーション');
INSERT m_response (response_id, active, response_desc) VALUES (8, 1, 'マニュアル作成');
INSERT m_response (response_id, active, response_desc) VALUES (9, 1, '他');
INSERT m_response (response_id, active, response_desc) VALUES (10, 1, 'システム監査');
INSERT m_response (response_id, active, response_desc) VALUES (11, 1, '調査分析');
INSERT m_response (response_id, active, response_desc) VALUES (12, 1, '基本設計');
INSERT m_response (response_id, active, response_desc) VALUES (13, 1, '詳細設計');
INSERT m_response (response_id, active, response_desc) VALUES (14, 1, 'プログラム設計');
INSERT m_response (response_id, active, response_desc) VALUES (15, 1, 'プログラミング');
INSERT m_response (response_id, active, response_desc) VALUES (16, 1, '単体テスト');
INSERT m_response (response_id, active, response_desc) VALUES (17, 1, '結合テスト');
INSERT m_assign (assign_id, active, assign_desc) VALUES (1, 1, 'プロジェクト管理者');
INSERT m_assign (assign_id, active, assign_desc) VALUES (2, 1, 'リーダー');
INSERT m_assign (assign_id, active, assign_desc) VALUES (3, 1, 'サブリーダー');
INSERT m_assign (assign_id, active, assign_desc) VALUES (4, 1, 'SE');
INSERT m_assign (assign_id, active, assign_desc) VALUES (5, 1, 'PG');
INSERT m_assign (assign_id, active, assign_desc) VALUES (6, 1, 'アシスタント');
INSERT m_assign (assign_id, active, assign_desc) VALUES (7, 1, '他');
INSERT m_tools (tools_id, active, tools_desc) VALUES (1, 1, 'Chrome');
INSERT m_tools (tools_id, active, tools_desc) VALUES (2, 1, 'Excel');
INSERT m_tools (tools_id, active, tools_desc) VALUES (3, 1, 'IE');
INSERT m_tools (tools_id, active, tools_desc) VALUES (4, 1, 'Safari');
INSERT m_tools (tools_id, active, tools_desc) VALUES (5, 1, 'Opera');
INSERT m_tools (tools_id, active, tools_desc) VALUES (6, 1, 'Access');
INSERT m_gyoumu (industry_type_id, active, industry_type_desc) VALUES (1, 1, '自治体');
INSERT m_gyoumu (industry_type_id, active, industry_type_desc) VALUES (2, 1, '官庁');
INSERT m_gyoumu (industry_type_id, active, industry_type_desc) VALUES (3, 1, '文教');
INSERT m_gyoumu (industry_type_id, active, industry_type_desc) VALUES (4, 1, '公共');
INSERT m_gyoumu (industry_type_id, active, industry_type_desc) VALUES (5, 1, '金融保険');
INSERT m_gyoumu (industry_type_id, active, industry_type_desc) VALUES (6, 1, '医療');
INSERT m_gyoumu (industry_type_id, active, industry_type_desc) VALUES (7, 1, '運輸');
INSERT m_gyoumu (industry_type_id, active, industry_type_desc) VALUES (8, 1, '流通');
INSERT m_gyoumu (industry_type_id, active, industry_type_desc) VALUES (9, 1, '製造');
INSERT m_gyoumu (industry_type_id, active, industry_type_desc) VALUES (10, 1, 'サービス');
INSERT m_gyoumu (industry_type_id, active, industry_type_desc) VALUES (11, 1, 'ＧＩＳ');
INSERT m_gyoumu (industry_type_id, active, industry_type_desc) VALUES (12, 1, 'その他');
INSERT m_gyoumu (industry_type_id, active, industry_type_desc) VALUES (13, 1, '社内');
INSERT m_gykubun (industry_class_id, active, industry_class_desc, industry_type_id) VALUES (1, 1, '収納', 1);
INSERT m_gykubun (industry_class_id, active, industry_class_desc, industry_type_id) VALUES (1, 1, '国民年金', 2);
INSERT m_gykubun (industry_class_id, active, industry_class_desc, industry_type_id) VALUES (1, 1, 'e?Learning', 3);
INSERT m_gykubun (industry_class_id, active, industry_class_desc, industry_type_id) VALUES (1, 1, '上水道', 4);
INSERT m_gykubun (industry_class_id, active, industry_class_desc, industry_type_id) VALUES (1, 1, '損害保険', 5);
INSERT m_gykubun (industry_class_id, active, industry_class_desc, industry_type_id) VALUES (1, 1, '医療統計', 6);
INSERT m_gykubun (industry_class_id, active, industry_class_desc, industry_type_id) VALUES (1, 1, '物流管理', 7);
INSERT m_gykubun (industry_class_id, active, industry_class_desc, industry_type_id) VALUES (1, 1, '経理', 8);
INSERT m_gykubun (industry_class_id, active, industry_class_desc, industry_type_id) VALUES (1, 1, '部品管理', 9);
INSERT m_gykubun (industry_class_id, active, industry_class_desc, industry_type_id) VALUES (1, 1, '福祉施設', 10);
INSERT m_gykubun (industry_class_id, active, industry_class_desc, industry_type_id) VALUES (1, 1, '農地情報管理システム', 11);
INSERT m_gykubun (industry_class_id, active, industry_class_desc, industry_type_id) VALUES (1, 1, '汎用データ管理', 12);
INSERT m_gykubun (industry_class_id, active, industry_class_desc, industry_type_id) VALUES (1, 1, 'グループウェア', 13);
INSERT m_gykubun (industry_class_id, active, industry_class_desc, industry_type_id) VALUES (2, 1, '滞納', 1);
INSERT m_gykubun (industry_class_id, active, industry_class_desc, industry_type_id) VALUES (2, 1, '厚生年金', 2);
INSERT m_gykubun (industry_class_id, active, industry_class_desc, industry_type_id) VALUES (2, 1, '名簿管理', 3);
INSERT m_gykubun (industry_class_id, active, industry_class_desc, industry_type_id) VALUES (2, 1, '下水道', 4);
INSERT m_gykubun (industry_class_id, active, industry_class_desc, industry_type_id) VALUES (2, 1, '保険管理', 5);
INSERT m_gykubun (industry_class_id, active, industry_class_desc, industry_type_id) VALUES (2, 1, '入院予約', 6);
INSERT m_gykubun (industry_class_id, active, industry_class_desc, industry_type_id) VALUES (2, 1, 'タクシー業務管理', 7);
INSERT m_gykubun (industry_class_id, active, industry_class_desc, industry_type_id) VALUES (2, 1, '販売管理', 8);
INSERT m_gykubun (industry_class_id, active, industry_class_desc, industry_type_id) VALUES (2, 1, '購買管理', 9);
INSERT m_gykubun (industry_class_id, active, industry_class_desc, industry_type_id) VALUES (2, 1, 'ＰＯＳシステム', 10);
INSERT m_gykubun (industry_class_id, active, industry_class_desc, industry_type_id) VALUES (2, 1, '森林資源管理システム', 11);
INSERT m_gykubun (industry_class_id, active, industry_class_desc, industry_type_id) VALUES (2, 1, '就職支援', 12);
INSERT m_gykubun (industry_class_id, active, industry_class_desc, industry_type_id) VALUES (2, 1, '顧客管理', 13);
INSERT m_gykubun (industry_class_id, active, industry_class_desc, industry_type_id) VALUES (3, 1, '住民記録', 1);
INSERT m_gykubun (industry_class_id, active, industry_class_desc, industry_type_id) VALUES (3, 1, '特許出願', 2);
INSERT m_gykubun (industry_class_id, active, industry_class_desc, industry_type_id) VALUES (3, 1, 'その他', 3);
INSERT m_gykubun (industry_class_id, active, industry_class_desc, industry_type_id) VALUES (3, 1, '河川管理', 4);
INSERT m_gykubun (industry_class_id, active, industry_class_desc, industry_type_id) VALUES (3, 1, '融資支援', 5);
INSERT m_gykubun (industry_class_id, active, industry_class_desc, industry_type_id) VALUES (3, 1, '退院サマリ', 6);
INSERT m_gykubun (industry_class_id, active, industry_class_desc, industry_type_id) VALUES (3, 1, '給与管理', 7);
INSERT m_gykubun (industry_class_id, active, industry_class_desc, industry_type_id) VALUES (3, 1, '給与管理', 8);
INSERT m_gykubun (industry_class_id, active, industry_class_desc, industry_type_id) VALUES (3, 1, '販売管理', 9);
INSERT m_gykubun (industry_class_id, active, industry_class_desc, industry_type_id) VALUES (3, 1, '受発注管理', 10);
INSERT m_gykubun (industry_class_id, active, industry_class_desc, industry_type_id) VALUES (3, 1, 'エリアマーケティング', 11);
INSERT m_gykubun (industry_class_id, active, industry_class_desc, industry_type_id) VALUES (3, 1, 'ＣＲＭ', 12);
INSERT m_gykubun (industry_class_id, active, industry_class_desc, industry_type_id) VALUES (3, 1, 'その他', 13);
INSERT m_gykubun (industry_class_id, active, industry_class_desc, industry_type_id) VALUES (4, 1, '保育料', 1);
INSERT m_gykubun (industry_class_id, active, industry_class_desc, industry_type_id) VALUES (4, 1, 'ＭＡＰ', 2);
INSERT m_gykubun (industry_class_id, active, industry_class_desc, industry_type_id) VALUES (4, 1, '浄水場管理', 4);
INSERT m_gykubun (industry_class_id, active, industry_class_desc, industry_type_id) VALUES (4, 1, '開発管理', 5);
INSERT m_gykubun (industry_class_id, active, industry_class_desc, industry_type_id) VALUES (4, 1, '輸血同意管理', 6);
INSERT m_gykubun (industry_class_id, active, industry_class_desc, industry_type_id) VALUES (4, 1, '予約管理', 7);
INSERT m_gykubun (industry_class_id, active, industry_class_desc, industry_type_id) VALUES (4, 1, '顧客与信管理', 8);
INSERT m_gykubun (industry_class_id, active, industry_class_desc, industry_type_id) VALUES (4, 1, '営放', 9);
INSERT m_gykubun (industry_class_id, active, industry_class_desc, industry_type_id) VALUES (4, 1, '物流支援', 10);
INSERT m_gykubun (industry_class_id, active, industry_class_desc, industry_type_id) VALUES (4, 1, '画像解析', 11);
INSERT m_gykubun (industry_class_id, active, industry_class_desc, industry_type_id) VALUES (4, 1, '測量設計支援', 12);
INSERT m_gykubun (industry_class_id, active, industry_class_desc, industry_type_id) VALUES (5, 1, '国民年金', 1);
INSERT m_gykubun (industry_class_id, active, industry_class_desc, industry_type_id) VALUES (5, 1, '維持販売', 2);
INSERT m_gykubun (industry_class_id, active, industry_class_desc, industry_type_id) VALUES (5, 1, '計量搬入', 4);
INSERT m_gykubun (industry_class_id, active, industry_class_desc, industry_type_id) VALUES (5, 1, '口座振替ＦＤ', 5);
INSERT m_gykubun (industry_class_id, active, industry_class_desc, industry_type_id) VALUES (5, 1, 'ドック予約', 6);
INSERT m_gykubun (industry_class_id, active, industry_class_desc, industry_type_id) VALUES (5, 1, 'その他', 7);
INSERT m_gykubun (industry_class_id, active, industry_class_desc, industry_type_id) VALUES (5, 1, '会員管理', 8);
INSERT m_gykubun (industry_class_id, active, industry_class_desc, industry_type_id) VALUES (5, 1, '電力監視', 9);
INSERT m_gykubun (industry_class_id, active, industry_class_desc, industry_type_id) VALUES (5, 1, 'ＣＩＳ', 10);
INSERT m_gykubun (industry_class_id, active, industry_class_desc, industry_type_id) VALUES (5, 1, 'その他', 12);
INSERT m_gykubun (industry_class_id, active, industry_class_desc, industry_type_id) VALUES (6, 1, '国民健康保険', 1);
INSERT m_gykubun (industry_class_id, active, industry_class_desc, industry_type_id) VALUES (6, 1, 'その他', 2);
INSERT m_gykubun (industry_class_id, active, industry_class_desc, industry_type_id) VALUES (6, 1, '揚運炭管理', 4);
INSERT m_gykubun (industry_class_id, active, industry_class_desc, industry_type_id) VALUES (6, 1, 'オンライン試算照会', 5);
INSERT m_gykubun (industry_class_id, active, industry_class_desc, industry_type_id) VALUES (6, 1, '健康管理', 6);
INSERT m_gykubun (industry_class_id, active, industry_class_desc, industry_type_id) VALUES (6, 1, '在庫管理', 8);
INSERT m_gykubun (industry_class_id, active, industry_class_desc, industry_type_id) VALUES (6, 1, '連続炉ＦＡ', 9);
INSERT m_gykubun (industry_class_id, active, industry_class_desc, industry_type_id) VALUES (6, 1, '申請書類ｼｽﾃﾑ', 10);
INSERT m_gykubun (industry_class_id, active, industry_class_desc, industry_type_id) VALUES (7, 1, '固定資産税', 1);
INSERT m_gykubun (industry_class_id, active, industry_class_desc, industry_type_id) VALUES (7, 1, '文書管理', 4);
INSERT m_gykubun (industry_class_id, active, industry_class_desc, industry_type_id) VALUES (7, 1, '既契約管理', 5);
INSERT m_gykubun (industry_class_id, active, industry_class_desc, industry_type_id) VALUES (7, 1, '手術室', 6);
INSERT m_gykubun (industry_class_id, active, industry_class_desc, industry_type_id) VALUES (7, 1, '青果卸', 8);
INSERT m_gykubun (industry_class_id, active, industry_class_desc, industry_type_id) VALUES (7, 1, 'ＰＡ制御', 9);
INSERT m_gykubun (industry_class_id, active, industry_class_desc, industry_type_id) VALUES (7, 1, '見積支援ｼｽﾃﾑ', 10);
INSERT m_gykubun (industry_class_id, active, industry_class_desc, industry_type_id) VALUES (8, 1, '法人税', 1);
INSERT m_gykubun (industry_class_id, active, industry_class_desc, industry_type_id) VALUES (8, 1, '浄化槽', 4);
INSERT m_gykubun (industry_class_id, active, industry_class_desc, industry_type_id) VALUES (8, 1, '協同組合商品', 5);
INSERT m_gykubun (industry_class_id, active, industry_class_desc, industry_type_id) VALUES (8, 1, '収納管理', 6);
INSERT m_gykubun (industry_class_id, active, industry_class_desc, industry_type_id) VALUES (8, 1, '売上仕入管理', 8);
INSERT m_gykubun (industry_class_id, active, industry_class_desc, industry_type_id) VALUES (8, 1, '箔プロコン', 9);
INSERT m_gykubun (industry_class_id, active, industry_class_desc, industry_type_id) VALUES (8, 1, 'ｺｰﾙｾﾝﾀｰｼｽﾃﾑ', 10);
INSERT m_gykubun (industry_class_id, active, industry_class_desc, industry_type_id) VALUES (9, 1, '住民税', 1);
INSERT m_gykubun (industry_class_id, active, industry_class_desc, industry_type_id) VALUES (9, 1, 'その他', 4);
INSERT m_gykubun (industry_class_id, active, industry_class_desc, industry_type_id) VALUES (9, 1, '定期保険', 5);
INSERT m_gykubun (industry_class_id, active, industry_class_desc, industry_type_id) VALUES (9, 1, 'パネル管理', 6);
INSERT m_gykubun (industry_class_id, active, industry_class_desc, industry_type_id) VALUES (9, 1, '在庫受払管理', 8);
INSERT m_gykubun (industry_class_id, active, industry_class_desc, industry_type_id) VALUES (9, 1, '２Ｚプロコン', 9);
INSERT m_gykubun (industry_class_id, active, industry_class_desc, industry_type_id) VALUES (9, 1, '船積書類作成ｼｽﾃﾑ', 10);
INSERT m_gykubun (industry_class_id, active, industry_class_desc, industry_type_id) VALUES (10, 1, '軽自動車税', 1);
INSERT m_gykubun (industry_class_id, active, industry_class_desc, industry_type_id) VALUES (10, 1, '逓増定期保険', 5);
INSERT m_gykubun (industry_class_id, active, industry_class_desc, industry_type_id) VALUES (10, 1, '医療事務', 6);
INSERT m_gykubun (industry_class_id, active, industry_class_desc, industry_type_id) VALUES (10, 1, '売掛買掛管理', 8);
INSERT m_gykubun (industry_class_id, active, industry_class_desc, industry_type_id) VALUES (10, 1, '整備ラインプロコン', 9);
INSERT m_gykubun (industry_class_id, active, industry_class_desc, industry_type_id) VALUES (10, 1, '設備管理', 10);
INSERT m_gykubun (industry_class_id, active, industry_class_desc, industry_type_id) VALUES (11, 1, '起債管理', 1);
INSERT m_gykubun (industry_class_id, active, industry_class_desc, industry_type_id) VALUES (11, 1, 'ガン保険', 5);
INSERT m_gykubun (industry_class_id, active, industry_class_desc, industry_type_id) VALUES (11, 1, '固定資産', 6);
INSERT m_gykubun (industry_class_id, active, industry_class_desc, industry_type_id) VALUES (11, 1, '売上総利益', 8);
INSERT m_gykubun (industry_class_id, active, industry_class_desc, industry_type_id) VALUES (11, 1, '高炉プロコン', 9);
INSERT m_gykubun (industry_class_id, active, industry_class_desc, industry_type_id) VALUES (11, 1, '技術用教育', 10);
INSERT m_gykubun (industry_class_id, active, industry_class_desc, industry_type_id) VALUES (12, 1, '人事給与', 1);
INSERT m_gykubun (industry_class_id, active, industry_class_desc, industry_type_id) VALUES (12, 1, 'リスクアセット算出', 5);
INSERT m_gykubun (industry_class_id, active, industry_class_desc, industry_type_id) VALUES (12, 1, '名簿管理', 6);
INSERT m_gykubun (industry_class_id, active, industry_class_desc, industry_type_id) VALUES (12, 1, '一般会計管理', 8);
INSERT m_gykubun (industry_class_id, active, industry_class_desc, industry_type_id) VALUES (12, 1, '厚板剪断プロコン', 9);
INSERT m_gykubun (industry_class_id, active, industry_class_desc, industry_type_id) VALUES (12, 1, '報告書作成承認支援', 10);
INSERT m_gykubun (industry_class_id, active, industry_class_desc, industry_type_id) VALUES (13, 1, '財務会計', 1);
INSERT m_gykubun (industry_class_id, active, industry_class_desc, industry_type_id) VALUES (13, 1, '対外接続', 5);
INSERT m_gykubun (industry_class_id, active, industry_class_desc, industry_type_id) VALUES (13, 1, 'その他', 6);
INSERT m_gykubun (industry_class_id, active, industry_class_desc, industry_type_id) VALUES (13, 1, '情報検索', 8);
INSERT m_gykubun (industry_class_id, active, industry_class_desc, industry_type_id) VALUES (13, 1, 'ブロードキャスト伝送', 9);
INSERT m_gykubun (industry_class_id, active, industry_class_desc, industry_type_id) VALUES (13, 1, '顧客管理', 10);
INSERT m_gykubun (industry_class_id, active, industry_class_desc, industry_type_id) VALUES (14, 1, '老人保健', 1);
INSERT m_gykubun (industry_class_id, active, industry_class_desc, industry_type_id) VALUES (14, 1, 'その他', 5);
INSERT m_gykubun (industry_class_id, active, industry_class_desc, industry_type_id) VALUES (14, 1, '商品情報管理', 8);
INSERT m_gykubun (industry_class_id, active, industry_class_desc, industry_type_id) VALUES (14, 1, 'ﾏｲｺﾝﾁｯﾌﾟﾊﾟﾗﾒｰﾀ測定', 9);
INSERT m_gykubun (industry_class_id, active, industry_class_desc, industry_type_id) VALUES (14, 1, '物件管理', 10);
INSERT m_gykubun (industry_class_id, active, industry_class_desc, industry_type_id) VALUES (15, 1, '介護保険', 1);
INSERT m_gykubun (industry_class_id, active, industry_class_desc, industry_type_id) VALUES (15, 1, '物流EDI', 8);
INSERT m_gykubun (industry_class_id, active, industry_class_desc, industry_type_id) VALUES (15, 1, '統合仕様', 9);
INSERT m_gykubun (industry_class_id, active, industry_class_desc, industry_type_id) VALUES (15, 1, 'グロス管理', 10);
INSERT m_gykubun (industry_class_id, active, industry_class_desc, industry_type_id) VALUES (16, 1, '老人医療', 1);
INSERT m_gykubun (industry_class_id, active, industry_class_desc, industry_type_id) VALUES (16, 1, '受発注管理', 8);
INSERT m_gykubun (industry_class_id, active, industry_class_desc, industry_type_id) VALUES (16, 1, '運用監視', 9);
INSERT m_gykubun (industry_class_id, active, industry_class_desc, industry_type_id) VALUES (16, 1, '会計管理', 10);
INSERT m_gykubun (industry_class_id, active, industry_class_desc, industry_type_id) VALUES (17, 1, '高齢者医療', 1);
INSERT m_gykubun (industry_class_id, active, industry_class_desc, industry_type_id) VALUES (17, 1, 'その他', 8);
INSERT m_gykubun (industry_class_id, active, industry_class_desc, industry_type_id) VALUES (17, 1, '工程管理', 9);
INSERT m_gykubun (industry_class_id, active, industry_class_desc, industry_type_id) VALUES (17, 1, '車両管理', 10);
INSERT m_gykubun (industry_class_id, active, industry_class_desc, industry_type_id) VALUES (18, 1, '福祉医療', 1);
INSERT m_gykubun (industry_class_id, active, industry_class_desc, industry_type_id) VALUES (18, 1, '物流統合', 9);
INSERT m_gykubun (industry_class_id, active, industry_class_desc, industry_type_id) VALUES (18, 1, '給与管理', 10);
INSERT m_gykubun (industry_class_id, active, industry_class_desc, industry_type_id) VALUES (19, 1, '障害者医療', 1);
INSERT m_gykubun (industry_class_id, active, industry_class_desc, industry_type_id) VALUES (19, 1, '計画値', 9);
INSERT m_gykubun (industry_class_id, active, industry_class_desc, industry_type_id) VALUES (19, 1, '店舗管理', 10);
INSERT m_gykubun (industry_class_id, active, industry_class_desc, industry_type_id) VALUES (20, 1, '市民検診', 1);
INSERT m_gykubun (industry_class_id, active, industry_class_desc, industry_type_id) VALUES (20, 1, '基準値', 9);
INSERT m_gykubun (industry_class_id, active, industry_class_desc, industry_type_id) VALUES (20, 1, 'その他', 10);
INSERT m_gykubun (industry_class_id, active, industry_class_desc, industry_type_id) VALUES (21, 1, '生活保護', 1);
INSERT m_gykubun (industry_class_id, active, industry_class_desc, industry_type_id) VALUES (21, 1, '設備保全', 9);
INSERT m_gykubun (industry_class_id, active, industry_class_desc, industry_type_id) VALUES (22, 1, '戸籍', 1);
INSERT m_gykubun (industry_class_id, active, industry_class_desc, industry_type_id) VALUES (22, 1, 'トラックスーケル', 9);
INSERT m_gykubun (industry_class_id, active, industry_class_desc, industry_type_id) VALUES (23, 1, '共済会', 1);
INSERT m_gykubun (industry_class_id, active, industry_class_desc, industry_type_id) VALUES (23, 1, '生産管理', 9);
INSERT m_gykubun (industry_class_id, active, industry_class_desc, industry_type_id) VALUES (24, 1, '健康管理', 1);
INSERT m_gykubun (industry_class_id, active, industry_class_desc, industry_type_id) VALUES (24, 1, 'その他', 9);
INSERT m_gykubun (industry_class_id, active, industry_class_desc, industry_type_id) VALUES (25, 1, '市立大学', 1);
INSERT m_gykubun (industry_class_id, active, industry_class_desc, industry_type_id) VALUES (26, 1, '畜犬管理', 1);
INSERT m_gykubun (industry_class_id, active, industry_class_desc, industry_type_id) VALUES (27, 1, '在宅高齢者', 1);
INSERT m_gykubun (industry_class_id, active, industry_class_desc, industry_type_id) VALUES (28, 1, '児童手当', 1);
INSERT m_gykubun (industry_class_id, active, industry_class_desc, industry_type_id) VALUES (29, 1, '児童扶養手当', 1);
INSERT m_gykubun (industry_class_id, active, industry_class_desc, industry_type_id) VALUES (30, 1, '交通共済', 1);
INSERT m_gykubun (industry_class_id, active, industry_class_desc, industry_type_id) VALUES (31, 1, '心身障害者', 1);
INSERT m_gykubun (industry_class_id, active, industry_class_desc, industry_type_id) VALUES (32, 1, '支援費', 1);
INSERT m_gykubun (industry_class_id, active, industry_class_desc, industry_type_id) VALUES (33, 1, 'その他', 1);